{
  "coactivation_matrix": [
    [
      0.0,
      15.0,
      15.0,
      16.0,
      17.0,
      17.0,
      19.0
    ],
    [
      15.0,
      0.0,
      18.0,
      15.0,
      26.0,
      25.0,
      13.0
    ],
    [
      15.0,
      18.0,
      0.0,
      9.0,
      25.0,
      15.0,
      14.0
    ],
    [
      16.0,
      15.0,
      9.0,
      0.0,
      16.0,
      13.0,
      18.0
    ],
    [
      17.0,
      26.0,
      25.0,
      16.0,
      0.0,
      14.0,
      18.0
    ],
    [
      17.0,
      25.0,
      15.0,
      13.0,
      14.0,
      0.0,
      13.0
    ],
    [
      19.0,
      13.0,
      14.0,
      18.0,
      18.0,
      13.0,
      0.0
    ]
  ],
  "domain_specialization": {
    "aggregate_by_layer": {
      "layer_0": {
        "agieval_sim": [
          0.23076923191547394,
          0.28205129504203796,
          0.23076923191547394,
          0.23076923191547394,
          0.38461539149284363,
          0.3333333432674408,
          0.3076923191547394
        ],
        "bbh_sim": [
          0.3125,
          0.28125,
          0.25,
          0.34375,
          0.28125,
          0.25,
          0.28125
        ],
        "euroeval_sim": [
          0.23999999463558197,
          0.2800000011920929,
          0.36000001430511475,
          0.11999999731779099,
          0.3199999928474426,
          0.4399999976158142,
          0.23999999463558197
        ],
        "mcq_sim": [
          0.380952388048172,
          0.3333333432674408,
          0.3333333432674408,
          0.3333333432674408,
          0.2857142984867096,
          0.2857142984867096,
          0.0476190485060215
        ]
      },
      "layer_1": {
        "agieval_sim": [
          0.3076923191547394,
          0.28205129504203796,
          0.28205129504203796,
          0.25641027092933655,
          0.3589743673801422,
          0.20512820780277252,
          0.3076923191547394
        ],
        "bbh_sim": [
          0.34375,
          0.1875,
          0.25,
          0.28125,
          0.4375,
          0.21875,
          0.28125
        ],
        "euroeval_sim": [
          0.20000000298023224,
          0.4000000059604645,
          0.20000000298023224,
          0.11999999731779099,
          0.4000000059604645,
          0.47999998927116394,
          0.20000000298023224
        ],
        "mcq_sim": [
          0.4761904776096344,
          0.095238097012043,
          0.4761904776096344,
          0.380952388048172,
          0.2380952388048172,
          0.095238097012043,
          0.2380952388048172
        ]
      },
      "layer_2": {
        "agieval_sim": [
          0.1794871836900711,
          0.3589743673801422,
          0.28205129504203796,
          0.23076923191547394,
          0.41025641560554504,
          0.3076923191547394,
          0.23076923191547394
        ],
        "bbh_sim": [
          0.15625,
          0.5,
          0.1875,
          0.25,
          0.21875,
          0.21875,
          0.46875
        ],
        "euroeval_sim": [
          0.36000001430511475,
          0.47999998927116394,
          0.2800000011920929,
          0.20000000298023224,
          0.23999999463558197,
          0.23999999463558197,
          0.20000000298023224
        ],
        "mcq_sim": [
          0.3333333432674408,
          0.3333333432674408,
          0.2380952388048172,
          0.2380952388048172,
          0.2857142984867096,
          0.2380952388048172,
          0.3333333432674408
        ]
      }
    },
    "mean_by_domain_over_layers": {
      "agieval_sim": [
        0.2857142984867096,
        0.285714328289032,
        0.2857142984867096
      ],
      "bbh_sim": [
        0.2857142984867096,
        0.2857142984867096,
        0.2857142984867096
      ],
      "euroeval_sim": [
        0.2857142984867096,
        0.2857142984867096,
        0.2857142984867096
      ],
      "mcq_sim": [
        0.285714328289032,
        0.2857142984867096,
        0.2857142984867096
      ]
    },
    "top_k": 2,
    "uniform_reference": 0.2857142857142857
  },
  "entropy_loss_buckets": [
    {
      "bucket": 0,
      "mean_entropy": 1.9454315503438313,
      "mean_loss": 1.3791507085164387
    },
    {
      "bucket": 1,
      "mean_entropy": 1.9454774260520935,
      "mean_loss": 1.3949774503707886
    },
    {
      "bucket": 2,
      "mean_entropy": 1.9455057382583618,
      "mean_loss": 1.3817837834358215
    },
    {
      "bucket": 3,
      "mean_entropy": 1.9455476999282837,
      "mean_loss": 1.3971832990646362
    }
  ],
  "expert_token_specialization": {
    "expert_0": [
      [
        "question",
        2
      ],
      [
        "known",
        1
      ],
      [
        "the",
        1
      ],
      [
        "a",
        1
      ],
      [
        "is",
        1
      ],
      [
        "speed",
        1
      ],
      [
        "all",
        1
      ],
      [
        "must",
        1
      ],
      [
        "true",
        1
      ],
      [
        "anna",
        1
      ]
    ],
    "expert_1": [
      [
        "red",
        1
      ],
      [
        "planet",
        1
      ],
      [
        "of",
        1
      ],
      [
        "km",
        1
      ],
      [
        "flowers",
        1
      ],
      [
        "some",
        1
      ],
      [
        "pattern",
        1
      ],
      [
        "and",
        1
      ],
      [
        "shortest",
        1
      ],
      [
        "question",
        1
      ]
    ],
    "expert_2": [
      [
        "is",
        2
      ],
      [
        "mars",
        1
      ],
      [
        "what",
        1
      ],
      [
        "capital",
        1
      ],
      [
        "city",
        1
      ],
      [
        "tokyo",
        1
      ],
      [
        "40",
        1
      ],
      [
        "question",
        1
      ],
      [
        "which",
        1
      ],
      [
        "statement",
        1
      ]
    ],
    "expert_3": [
      [
        "is",
        2
      ],
      [
        "choice",
        1
      ],
      [
        "the",
        1
      ],
      [
        "60",
        1
      ],
      [
        "in",
        1
      ],
      [
        "some",
        1
      ],
      [
        "may",
        1
      ],
      [
        "which",
        1
      ],
      [
        "4",
        1
      ],
      [
        "8",
        1
      ]
    ],
    "expert_4": [
      [
        "choice",
        2
      ],
      [
        "question",
        1
      ],
      [
        "is",
        1
      ],
      [
        "what",
        1
      ],
      [
        "average",
        1
      ],
      [
        "km/h",
        1
      ],
      [
        "if",
        1
      ],
      [
        "and",
        1
      ],
      [
        "flowers",
        1
      ],
      [
        "fade",
        1
      ]
    ],
    "expert_5": [
      [
        "question",
        3
      ],
      [
        "which",
        1
      ],
      [
        "planet",
        1
      ],
      [
        "japan",
        1
      ],
      [
        "hours",
        1
      ],
      [
        "its",
        1
      ],
      [
        "tulips",
        1
      ],
      [
        "are",
        1
      ],
      [
        "be",
        1
      ],
      [
        "quickly",
        1
      ]
    ],
    "expert_6": [
      [
        "choice",
        3
      ],
      [
        "as",
        1
      ],
      [
        "train",
        1
      ],
      [
        "travels",
        1
      ],
      [
        "1.5",
        1
      ],
      [
        "fade",
        1
      ],
      [
        "best",
        1
      ],
      [
        "continues",
        1
      ],
      [
        "if",
        1
      ],
      [
        "danmarks",
        1
      ]
    ]
  },