{
  "coactivation_matrix": [
    [
      0.0,
      7.0,
      5.0,
      7.0,
      8.0,
      2.0,
      4.0
    ],
    [
      7.0,
      0.0,
      6.0,
      3.0,
      5.0,
      9.0,
      4.0
    ],
    [
      5.0,
      6.0,
      0.0,
      2.0,
      10.0,
      7.0,
      3.0
    ],
    [
      7.0,
      3.0,
      2.0,
      0.0,
      4.0,
      6.0,
      8.0
    ],
    [
      8.0,
      5.0,
      10.0,
      4.0,
      0.0,
      8.0,
      3.0
    ],
    [
      2.0,
      9.0,
      7.0,
      6.0,
      8.0,
      0.0,
      6.0
    ],
    [
      4.0,
      4.0,
      3.0,
      8.0,
      3.0,
      6.0,
      0.0
    ]
  ],
  "domain_expert_usage": {
    "agieval_sim": [
      0.1538461595773697,
      0.07692307978868484,
      0.10256410390138626,
      0.10256410390138626,
      0.23076923191547394,
      0.1794871836900711,
      0.1538461595773697
    ],
    "bbh_sim": [
      0.09375,
      0.125,
      0.1875,
      0.21875,
      0.125,
      0.125,
      0.125
    ],
    "euroeval_sim": [
      0.1599999964237213,
      0.07999999821186066,
      0.20000000298023224,
      0.07999999821186066,
      0.07999999821186066,
      0.2800000011920929,
      0.11999999731779099
    ],
    "mcq_sim": [
      0.1428571492433548,
      0.1428571492433548,
      0.2857142984867096,
      0.095238097012043,
      0.1428571492433548,
      0.1428571492433548,
      0.0476190485060215
    ]
  },
  "entropy_loss_buckets": [
    {
      "bucket": 0,
      "mean_entropy": 1.9454315503438313,
      "mean_loss": 1.3791507085164387
    },
    {
      "bucket": 1,
      "mean_entropy": 1.9454774260520935,
      "mean_loss": 1.3949774503707886
    },
    {
      "bucket": 2,
      "mean_entropy": 1.9455057382583618,
      "mean_loss": 1.3817837834358215
    },
    {
      "bucket": 3,
      "mean_entropy": 1.9455476999282837,
      "mean_loss": 1.3971832990646362
    }
  ],
  "expert_token_specialization": {
    "expert_0": [
      [
        "question",
        2
      ],
      [
        "known",
        1
      ],
      [
        "the",
        1
      ],
      [
        "a",
        1
      ],
      [
        "is",
        1
      ],
      [
        "speed",
        1
      ],
      [
        "all",
        1
      ],
      [
        "must",
        1
      ],
      [
        "true",
        1
      ],
      [
        "anna",
        1
      ]
    ],
    "expert_1": [
      [
        "red",
        1
      ],
      [
        "planet",
        1
      ],
      [
        "of",
        1
      ],
      [
        "km",
        1
      ],
      [
        "flowers",
        1
      ],
      [
        "some",
        1
      ],
      [
        "pattern",
        1
      ],
      [
        "and",
        1
      ],
      [
        "shortest",
        1
      ],
      [
        "question",
        1
      ]
    ],
    "expert_2": [
      [
        "is",
        2
      ],
      [
        "mars",
        1
      ],
      [
        "what",
        1
      ],
      [
        "capital",
        1
      ],
      [
        "city",
        1
      ],
      [
        "tokyo",
        1
      ],
      [
        "40",
        1
      ],
      [
        "question",
        1
      ],
      [
        "which",
        1
      ],
      [
        "statement",
        1
      ]
    ],
    "expert_3": [
      [
        "is",
        2
      ],
      [
        "choice",
        1
      ],
      [
        "the",
        1
      ],
      [
        "60",
        1
      ],
      [
        "in",
        1
      ],
      [
        "some",
        1
      ],
      [
        "may",
        1
      ],
      [
        "which",
        1
      ],
      [
        "4",
        1
      ],
      [
        "8",
        1
      ]
    ],
    "expert_4": [
      [
        "choice",
        2
      ],
      [
        "question",
        1
      ],
      [
        "is",
        1
      ],
      [
        "what",
        1
      ],
      [
        "average",
        1
      ],
      [
        "km/h",
        1
      ],
      [
        "if",
        1
      ],
      [
        "and",
        1
      ],
      [
        "flowers",
        1
      ],
      [
        "fade",
        1
      ]
    ],
    "expert_5": [
      [
        "question",
        3
      ],
      [
        "which",
        1
      ],
      [
        "planet",
        1
      ],
      [
        "japan",
        1
      ],
      [
        "hours",
        1
      ],
      [
        "its",
        1
      ],
      [
        "tulips",
        1
      ],
      [
        "are",
        1
      ],
      [
        "be",
        1
      ],
      [
        "quickly",
        1
      ]
    ],
    "expert_6": [
      [
        "choice",
        3
      ],
      [
        "as",
        1
      ],
      [
        "train",
        1
      ],
      [
        "travels",
        1
      ],
      [
        "1.5",
        1
      ],
      [
        "fade",
        1
      ],
      [
        "best",
        1
      ],
      [
        "continues",
        1
      ],
      [
        "if",
        1
      ],
      [
        "danmarks",
        1
      ]
    ]
  },
  "performance_vs_k": [
    {
      "accuracy": 0.2222222222222222,
      "loss": 1.385269006093343,
      "top_k": 1
    },
    {
      "accuracy": 0.1111111111111111,
      "loss": 1.3872601323657565,
      "top_k": 2
    },
    {
      "accuracy": 0.4444444444444444,
      "loss": 1.3869862953821819,
      "top_k": 4
    }
  ],
  "routing_stability": {
    "agieval_sim": 0.1764705926179886,
    "bbh_sim": 0.0714285746216774,
    "euroeval_sim": 0.1428571492433548,
    "mcq_sim": 0.0
  },
  "summary": {
    "entropy_curve_mean": 1.9455123688600968,
    "entropy_mean": 1.945491909980774,
    "load_balance_cv": 0.191116916785378,
    "load_balance_score": 0.00020448437135200948,
    "offdiag_ratio": 0.5,
    "top_expert_dominance": 0.1794871836900711
  },
  "usage": [
    0.1367521435022354,
    0.10256410390138626,
    0.1794871836900711,
    0.12820513546466827,
    0.1538461595773697,
    0.1794871836900711,
    0.11965811997652054
  ]
}